annee,scenario,encours_Mde,flux_cotisations_Mde,masse_sal_Mde,taux_capi_pct,cotis_cumulees_Mde,deficit_cor_Mde,pib_Mde,encours_pct_pib,capital_par_actif_ke
2027,A,219.0,11.0,1100.0,1.0,11.0,-5.6,2935.0,7.5,9.5
2028,A,241.0,13.3,1105.5,1.2,24.3,-6.0,2970.0,8.1,10.5
2029,A,266.2,15.6,1111.0,1.4,39.8,-6.3,3006.0,8.9,11.6
2030,A,294.7,17.9,1116.6,1.6,57.7,-6.6,3042.0,9.7,12.8
2031,A,326.7,20.2,1122.2,1.8,77.9,-7.4,3078.0,10.6,14.2
2032,A,362.3,22.6,1127.8,2.0,100.4,-8.3,3115.0,11.6,15.8
2033,A,401.8,24.9,1133.4,2.2,125.4,-9.1,3153.0,12.7,17.5
2034,A,445.2,27.3,1139.1,2.4,152.7,-10.0,3190.0,14.0,19.4
2035,A,492.8,29.8,1144.8,2.6,182.5,-10.8,3229.0,15.3,21.4
2036,A,544.7,32.2,1150.5,2.8,214.7,-11.6,3267.0,16.7,23.7
2037,A,601.2,34.7,1156.3,3.0,249.4,-12.5,3307.0,18.2,26.1
2038,A,662.4,37.2,1162.0,3.2,286.6,-13.3,3346.0,19.8,28.8
2039,A,728.6,39.7,1167.8,3.4,326.3,-14.2,3386.0,21.5,31.7
2040,A,800.0,42.3,1173.7,3.6,368.5,-15.0,3427.0,23.3,34.8
2041,A,876.8,44.8,1179.6,3.8,413.3,-16.5,3468.0,25.3,38.1
2042,A,959.3,47.4,1185.5,4.0,460.8,-18.0,3510.0,27.3,41.7
2043,A,1047.7,50.0,1191.4,4.2,510.8,-19.5,3552.0,29.5,45.6
2044,A,1142.3,52.7,1197.3,4.4,563.5,-21.0,3595.0,31.8,49.7
2045,A,1243.3,55.4,1203.3,4.6,618.8,-15.0,3638.0,34.2,54.1
2046,A,1351.1,58.0,1209.3,4.8,676.9,-15.9,3681.0,36.7,58.7
2047,A,1465.9,60.8,1215.4,5.0,737.7,-16.7,3726.0,39.3,63.7
2048,A,1588.1,63.5,1221.5,5.2,801.2,-17.5,3770.0,42.1,69.0
2049,A,1717.9,66.3,1227.6,5.4,867.5,-18.2,3815.0,45.0,74.7
2050,A,1855.7,69.1,1233.7,5.6,936.5,-18.9,3861.0,48.1,80.7
2051,A,2001.9,71.9,1239.9,5.8,1008.5,-18.8,3908.0,51.2,87.0
2052,A,2156.7,74.8,1246.1,6.0,1083.2,-18.7,3954.0,54.5,93.8
2053,A,2318.1,75.1,1252.3,6.0,1158.4,-18.5,4002.0,57.9,100.8
2054,A,2486.3,75.5,1258.6,6.0,1233.9,-18.3,4050.0,61.4,108.1
2055,A,2661.7,75.9,1264.9,6.0,1309.8,-18.0,4099.0,64.9,115.7
2056,A,2844.4,76.3,1271.2,6.0,1386.0,-17.7,4148.0,68.6,123.7
2057,A,3034.9,76.7,1277.5,6.0,1462.7,-17.4,4198.0,72.3,132.0
2058,A,3233.3,77.0,1283.9,6.0,1539.7,-17.0,4248.0,76.1,140.6
2059,A,3440.0,77.4,1290.3,6.0,1617.1,-16.6,4299.0,80.0,149.6
2060,A,3655.4,77.8,1296.8,6.0,1695.0,-16.1,4350.0,84.0,158.9
2061,A,3879.9,78.2,1303.3,6.0,1773.2,-15.4,4403.0,88.1,168.7
2062,A,4113.6,78.6,1309.8,6.0,1851.7,-14.7,4456.0,92.3,178.9
2063,A,4357.2,79.0,1316.3,6.0,1930.7,-14.0,4509.0,96.6,189.4
2064,A,4610.8,79.4,1322.9,6.0,2010.1,-13.1,4563.0,101.0,200.5
2065,A,4875.0,79.8,1329.5,6.0,2089.9,-12.2,4618.0,105.6,212.0
2066,A,5150.2,80.2,1336.2,6.0,2170.0,-11.3,4673.0,110.2,223.9
2067,A,5436.8,80.6,1342.9,6.0,2250.6,-10.3,4729.0,115.0,236.4
2068,A,5735.2,81.0,1349.6,6.0,2331.6,-9.2,4786.0,119.8,249.4
2069,A,6046.0,81.4,1356.3,6.0,2413.0,-8.0,4844.0,124.8,262.9
2070,A,6369.7,81.8,1363.1,6.0,2494.8,-6.8,4902.0,129.9,276.9
2071,A,6706.6,82.2,1369.9,6.0,2577.0,-4.8,4960.0,135.2,291.6
2072,A,7057.5,82.6,1376.8,6.0,2659.6,-2.7,5020.0,140.6,306.8
2073,A,7422.8,83.0,1383.7,6.0,2742.6,-0.5,5080.0,146.1,322.7
2074,A,7803.2,83.4,1390.6,6.0,2826.0,0.0,5141.0,151.8,339.3
2075,A,8199.2,83.9,1397.5,6.0,2909.9,0.0,5203.0,157.6,356.5
2076,A,8611.4,84.3,1404.5,6.0,2994.1,0.0,5265.0,163.5,374.4
2077,A,9040.5,84.7,1411.5,6.0,3078.8,0.0,5328.0,169.7,393.1
2027,B,230.0,22.0,1100.0,2.0,22.0,-7.6,2935.0,7.8,10.0
2028,B,261.3,22.1,1105.5,2.0,44.1,-8.0,2970.0,8.8,11.4
2029,B,294.0,22.2,1111.0,2.0,66.3,-8.3,3006.0,9.8,12.8
2030,B,328.1,22.3,1116.6,2.0,88.7,-8.6,3042.0,10.8,14.3
2031,B,363.6,22.4,1122.2,2.0,111.1,-9.4,3078.0,11.8,15.8
2032,B,400.7,22.6,1127.8,2.0,133.7,-10.3,3115.0,12.9,17.4
2033,B,439.4,22.7,1133.4,2.0,156.3,-11.1,3153.0,13.9,19.1
2034,B,479.8,22.8,1139.1,2.0,179.1,-12.0,3190.0,15.0,20.9
2035,B,521.9,22.9,1144.8,2.0,202.0,-12.8,3229.0,16.2,22.7
2036,B,565.8,23.0,1150.5,2.0,225.0,-13.6,3267.0,17.3,24.6
2037,B,611.5,23.1,1156.3,2.0,248.1,-14.5,3307.0,18.5,26.6
2038,B,659.2,23.2,1162.0,2.0,271.4,-15.3,3346.0,19.7,28.7
2039,B,709.0,23.4,1167.8,2.0,294.7,-16.2,3386.0,20.9,30.8
2040,B,760.8,23.5,1173.7,2.0,318.2,-17.0,3427.0,22.2,33.1
2041,B,814.8,23.6,1179.6,2.0,341.8,-18.5,3468.0,23.5,35.4
2042,B,871.1,23.7,1185.5,2.0,365.5,-20.0,3510.0,24.8,37.9
2043,B,929.8,23.8,1191.4,2.0,389.3,-21.5,3552.0,26.2,40.4
2044,B,990.9,23.9,1197.3,2.0,413.3,-23.0,3595.0,27.6,43.1
2045,B,1054.6,24.1,1203.3,2.0,437.4,-18.2,3638.0,29.0,45.9
2046,B,1121.0,24.2,1209.3,2.0,461.5,-19.3,3681.0,30.5,48.7
2047,B,1190.1,24.3,1215.4,2.0,485.8,-20.4,3726.0,31.9,51.7
2048,B,1262.2,24.4,1221.5,2.0,510.3,-21.4,3770.0,33.5,54.9
2049,B,1337.2,24.6,1227.6,2.0,534.8,-22.5,3815.0,35.0,58.1
2050,B,1415.4,24.7,1233.7,2.0,559.5,-23.5,3861.0,36.7,61.5
2051,B,1496.8,24.8,1239.9,2.0,584.3,-23.8,3908.0,38.3,65.1
2052,B,1581.6,24.9,1246.1,2.0,609.2,-24.1,3954.0,40.0,68.8
2053,B,1669.9,25.0,1252.3,2.0,634.3,-24.4,4002.0,41.7,72.6
2054,B,1761.9,25.2,1258.6,2.0,659.4,-24.6,4050.0,43.5,76.6
2055,B,1857.6,25.3,1264.9,2.0,684.7,-24.9,4099.0,45.3,80.8
2056,B,1957.4,25.4,1271.2,2.0,710.2,-25.1,4148.0,47.2,85.1
2057,B,2061.2,25.6,1277.5,2.0,735.7,-25.2,4198.0,49.1,89.6
2058,B,2169.3,25.7,1283.9,2.0,761.4,-25.4,4248.0,51.1,94.3
2059,B,2281.9,25.8,1290.3,2.0,787.2,-25.5,4299.0,53.1,99.2
2060,B,2399.1,25.9,1296.8,2.0,813.1,-25.6,4350.0,55.1,104.3
2061,B,2521.2,26.1,1303.3,2.0,839.2,-25.6,4403.0,57.3,109.6
2062,B,2648.2,26.2,1309.8,2.0,865.4,-25.5,4456.0,59.4,115.1
2063,B,2780.5,26.3,1316.3,2.0,891.7,-25.4,4509.0,61.7,120.9
2064,B,2918.1,26.5,1322.9,2.0,918.2,-25.3,4563.0,64.0,126.9
2065,B,3061.5,26.6,1329.5,2.0,944.8,-25.1,4618.0,66.3,133.1
2066,B,3210.6,26.7,1336.2,2.0,971.5,-24.9,4673.0,68.7,139.6
2067,B,3365.9,26.9,1342.9,2.0,998.4,-24.7,4729.0,71.2,146.3
2068,B,3527.5,27.0,1349.6,2.0,1025.3,-24.4,4786.0,73.7,153.4
2069,B,3695.8,27.1,1356.3,2.0,1052.5,-24.1,4844.0,76.3,160.7
2070,B,3870.9,27.3,1363.1,2.0,1079.7,-23.8,4902.0,79.0,168.3
2071,B,4053.1,27.4,1369.9,2.0,1107.1,-22.7,4960.0,81.7,176.2
2072,B,4242.8,27.5,1376.8,2.0,1134.7,-21.5,5020.0,84.5,184.5
2073,B,4440.1,27.7,1383.7,2.0,1162.3,-20.4,5080.0,87.4,193.0
2074,B,4645.6,27.8,1390.6,2.0,1190.2,-19.1,5141.0,90.4,202.0
2075,B,4859.3,28.0,1397.5,2.0,1218.1,-17.8,5203.0,93.4,211.3
2076,B,5081.8,28.1,1404.5,2.0,1246.2,-16.5,5265.0,96.5,220.9
2077,B,5313.3,28.2,1411.5,2.0,1274.4,-15.1,5328.0,99.7,231.0
2027,C,208.0,0.0,1100.0,0.0,0.0,-5.6,2935.0,7.1,9.0
2028,C,236.2,19.9,1105.5,1.8,19.9,-6.0,2970.0,8.0,10.3
2029,C,273.2,27.5,1111.0,2.48,47.4,-6.3,3006.0,9.1,11.9
2030,C,319.3,35.2,1116.6,3.15,82.6,-6.6,3042.0,10.5,13.9
2031,C,375.0,42.9,1122.2,3.82,125.5,-7.4,3078.0,12.2,16.3
2032,C,440.7,50.7,1127.8,4.5,176.2,-8.3,3115.0,14.1,19.2
2033,C,517.0,58.7,1133.4,5.17,234.9,-9.1,3153.0,16.4,22.5
2034,C,604.3,66.6,1139.1,5.85,301.5,-10.0,3190.0,18.9,26.3
2035,C,703.2,74.7,1144.8,6.53,376.2,-10.8,3229.0,21.8,30.6
2036,C,814.1,82.8,1150.5,7.2,459.1,-11.6,3267.0,24.9,35.4
2037,C,930.0,83.3,1156.3,7.2,542.3,-12.5,3307.0,28.1,40.4
2038,C,1050.8,83.7,1162.0,7.2,626.0,-13.3,3346.0,31.4,45.7
2039,C,1176.9,84.1,1167.8,7.2,710.1,-14.2,3386.0,34.8,51.2
2040,C,1308.5,84.5,1173.7,7.2,794.6,-15.0,3427.0,38.2,56.9
2041,C,1445.8,84.9,1179.6,7.2,879.5,-16.5,3468.0,41.7,62.9
2042,C,1589.0,85.4,1185.5,7.2,964.9,-18.0,3510.0,45.3,69.1
2043,C,1738.3,85.8,1191.4,7.2,1050.6,-19.5,3552.0,48.9,75.6
2044,C,1894.0,86.2,1197.3,7.2,1136.8,-21.0,3595.0,52.7,82.3
2045,C,2056.4,86.6,1203.3,7.2,1223.5,-10.2,3638.0,56.5,89.4
2046,C,2225.8,87.1,1209.3,7.2,1310.6,-10.6,3681.0,60.5,96.8
2047,C,2402.3,87.5,1215.4,7.2,1398.1,-11.1,3726.0,64.5,104.4
2048,C,2586.4,87.9,1221.5,7.2,1486.0,-11.5,3770.0,68.6,112.5
2049,C,2778.2,88.4,1227.6,7.2,1574.4,-11.8,3815.0,72.8,120.8
2050,C,2978.2,88.8,1233.7,7.2,1663.2,-12.1,3861.0,77.1,129.5
2051,C,3186.5,89.3,1239.9,7.2,1752.5,-11.7,3908.0,81.5,138.5
2052,C,3403.7,89.7,1246.1,7.2,1842.2,-11.2,3954.0,86.1,148.0
2053,C,3630.0,90.2,1252.3,7.2,1932.4,-10.6,4002.0,90.7,157.8
2054,C,3865.9,90.6,1258.6,7.2,2023.0,-10.0,4050.0,95.5,168.1
2055,C,4111.6,91.1,1264.9,7.2,2114.1,-9.3,4099.0,100.3,178.8
2056,C,4367.6,91.5,1271.2,7.2,2205.6,-8.6,4148.0,105.3,189.9
2057,C,4634.2,92.0,1277.5,7.2,2297.6,-7.8,4198.0,110.4,201.5
2058,C,4912.1,92.4,1283.9,7.2,2390.0,-6.9,4248.0,115.6,213.6
2059,C,5201.4,92.9,1290.3,7.2,2482.9,-6.0,4299.0,121.0,226.1
2060,C,5502.9,93.4,1296.8,7.2,2576.3,-5.0,4350.0,126.5,239.3
2061,C,5816.8,93.8,1303.3,7.2,2670.1,-3.8,4403.0,132.1,252.9
2062,C,6143.8,94.3,1309.8,7.2,2764.4,-2.5,4456.0,137.9,267.1
2063,C,6484.3,94.8,1316.3,7.2,2859.2,-1.2,4509.0,143.8,281.9
2064,C,6838.9,95.3,1322.9,7.2,2954.5,0.0,4563.0,149.9,297.3
2065,C,7208.2,95.7,1329.5,7.2,3050.2,0.0,4618.0,156.1,313.4
2066,C,7592.8,96.2,1336.2,7.2,3146.4,0.0,4673.0,162.5,330.1
2067,C,7993.2,96.7,1342.9,7.2,3243.1,0.0,4729.0,169.0,347.5
2068,C,8410.1,97.2,1349.6,7.2,3340.2,0.0,4786.0,175.7,365.7
2069,C,8844.1,97.7,1356.3,7.2,3437.9,0.0,4844.0,182.6,384.5
2070,C,9296.0,98.1,1363.1,7.2,3536.0,0.0,4902.0,189.7,404.2
2071,C,9766.5,98.6,1369.9,7.2,3634.7,0.0,4960.0,196.9,424.6
2072,C,10256.3,99.1,1376.8,7.2,3733.8,0.0,5020.0,204.3,445.9
2073,C,10766.2,99.6,1383.7,7.2,3833.4,0.0,5080.0,211.9,468.1
2074,C,11296.9,100.1,1390.6,7.2,3933.6,0.0,5141.0,219.7,491.2
2075,C,11849.4,100.6,1397.5,7.2,4034.2,0.0,5203.0,227.7,515.2
2076,C,12424.5,101.1,1404.5,7.2,4135.3,0.0,5265.0,236.0,540.2
2077,C,13023.2,101.6,1411.5,7.2,4236.9,0.0,5328.0,244.4,566.2
2027,D,281.2,0.0,1100.0,0.0,0.0,-5.6,2935.0,9.6,12.2
2028,D,298.0,5.5,1105.5,0.5,5.5,-6.0,2970.0,10.0,13.0
2029,D,321.0,11.1,1111.0,1.0,16.6,-6.3,3006.0,10.7,14.0
2030,D,361.8,27.9,1116.6,2.5,44.6,-6.6,3042.0,11.9,15.7
2031,D,409.9,33.7,1122.2,3.0,78.2,-7.4,3078.0,13.3,17.8
2032,D,465.8,39.5,1127.8,3.5,117.7,-8.3,3115.0,15.0,20.3
2033,D,529.8,45.3,1133.4,4.0,163.0,-9.1,3153.0,16.8,23.0
2034,D,602.2,51.3,1139.1,4.5,214.3,-10.0,3190.0,18.9,26.2
2035,D,683.5,57.2,1144.8,5.0,271.5,-10.8,3229.0,21.2,29.7
2036,D,768.4,57.5,1150.5,5.0,329.0,-11.6,3267.0,23.5,33.4
2037,D,856.9,57.8,1156.3,5.0,386.9,-12.5,3307.0,25.9,37.3
2038,D,949.3,58.1,1162.0,5.0,445.0,-13.3,3346.0,28.4,41.3
2039,D,1045.7,58.4,1167.8,5.0,503.4,-14.2,3386.0,30.9,45.5
2040,D,1146.2,58.7,1173.7,5.0,562.0,-15.0,3427.0,33.4,49.8
2041,D,1251.0,59.0,1179.6,5.0,621.0,-16.5,3468.0,36.1,54.4
2042,D,1360.3,59.3,1185.5,5.0,680.3,-18.0,3510.0,38.8,59.1
2043,D,1474.3,59.6,1191.4,5.0,739.9,-19.5,3552.0,41.5,64.1
2044,D,1593.2,59.9,1197.3,5.0,799.7,-21.0,3595.0,44.3,69.3
2045,D,1717.0,60.2,1203.3,5.0,859.9,-12.2,3638.0,47.2,74.7
2046,D,1846.2,60.5,1209.3,5.0,920.4,-12.9,3681.0,50.1,80.3
2047,D,1980.8,60.8,1215.4,5.0,981.1,-13.6,3726.0,53.2,86.1
2048,D,2121.1,61.1,1221.5,5.0,1042.2,-14.3,3770.0,56.3,92.2
2049,D,2267.3,61.4,1227.6,5.0,1103.6,-14.9,3815.0,59.4,98.6
2050,D,2419.7,61.7,1233.7,5.0,1165.3,-15.5,3861.0,62.7,105.2
2051,D,2578.5,62.0,1239.9,5.0,1227.3,-15.3,3908.0,66.0,112.1
2052,D,2744.0,62.3,1246.1,5.0,1289.6,-15.1,3954.0,69.4,119.3
2053,D,2916.3,62.6,1252.3,5.0,1352.2,-14.9,4002.0,72.9,126.8
2054,D,3095.9,62.9,1258.6,5.0,1415.1,-14.6,4050.0,76.4,134.6
2055,D,3283.0,63.2,1264.9,5.0,1478.3,-14.3,4099.0,80.1,142.7
2056,D,3477.9,63.6,1271.2,5.0,1541.9,-13.9,4148.0,83.8,151.2
2057,D,3680.9,63.9,1277.5,5.0,1605.8,-13.5,4198.0,87.7,160.0
2058,D,3892.3,64.2,1283.9,5.0,1670.0,-13.0,4248.0,91.6,169.2
2059,D,4112.5,64.5,1290.3,5.0,1734.5,-12.5,4299.0,95.7,178.8
2060,D,4341.8,64.8,1296.8,5.0,1799.3,-11.9,4350.0,99.8,188.8
2061,D,4580.7,65.2,1303.3,5.0,1864.5,-11.2,4403.0,104.0,199.2
2062,D,4829.4,65.5,1309.8,5.0,1930.0,-10.4,4456.0,108.4,210.0
2063,D,5088.4,65.8,1316.3,5.0,1995.8,-9.6,4509.0,112.9,221.2
2064,D,5358.1,66.1,1322.9,5.0,2062.0,-8.7,4563.0,117.4,233.0
2065,D,5638.9,66.5,1329.5,5.0,2128.4,-7.7,4618.0,122.1,245.2
2066,D,5931.2,66.8,1336.2,5.0,2195.2,-6.6,4673.0,126.9,257.9
2067,D,6235.6,67.1,1342.9,5.0,2262.4,-5.5,4729.0,131.9,271.1
2068,D,6552.5,67.5,1349.6,5.0,2329.9,-4.3,4786.0,136.9,284.9
2069,D,6882.4,67.8,1356.3,5.0,2397.7,-3.0,4844.0,142.1,299.2
2070,D,7225.9,68.2,1363.1,5.0,2465.8,-1.6,4902.0,147.4,314.2
2071,D,7583.4,68.5,1369.9,5.0,2534.3,0.0,4960.0,152.9,329.7
2072,D,7955.6,68.8,1376.8,5.0,2603.2,0.0,5020.0,158.5,345.9
2073,D,8343.0,69.2,1383.7,5.0,2672.4,0.0,5080.0,164.2,362.7
2074,D,8746.3,69.5,1390.6,5.0,2741.9,0.0,5141.0,170.1,380.3
2075,D,9166.0,69.9,1397.5,5.0,2811.8,0.0,5203.0,176.2,398.5
2076,D,9602.9,70.2,1404.5,5.0,2882.0,0.0,5265.0,182.4,417.5
2077,D,10057.5,70.6,1411.5,5.0,2952.6,0.0,5328.0,188.8,437.3
